baseMean	log2FoldChange	lfcSE	pvalue	padj	Kingdom	Phylum	Class	Order	Family	Genus	newp	Treatment	OTU	tissue	day	comp
1042.1718994915543	2.014916945080592	0.8014776075224456	3.782251414826286e-4	0.007018441371722215	Bacteria	Firmicutes	Negativicutes	Selenomonadales	Veillonellaceae	Mitsuokella	7.0e-03	RPS	Otu00005	F	D0	RPS_vs_Control
338.8983696254019	2.6383716580400765	0.6258263076536806	1.1352071047612324e-6	1.3068273706004217e-4	Bacteria	Firmicutes	Negativicutes	Selenomonadales	Acidaminococcaceae	Phascolarctobacterium	0.0e+00	RPS	Otu00014	F	D0	RPS_vs_Control
214.06198073480311	1.059651500001143	0.4868736696959345	8.02493732703211e-4	0.010676655748138373	Bacteria	Firmicutes	Clostridia	Clostridiales	Ruminococcaceae	Faecalibacterium	1.1e-02	RPS	Otu00019	F	D0	RPS_vs_Control
207.38471756818225	1.2102857833437222	0.8471061499888787	0.002771410043236515	0.02826838244101245	Bacteria	Bacteroidetes	Bacteroidia	Bacteroidales	Prevotellaceae	Prevotellaceae_unclassified	2.8e-02	RPS	Otu00028	F	D0	RPS_vs_Control
70.84760709762358	3.2985209293041606	1.114664315313059	1.0271017980808237e-4	0.003308348949607706	Bacteria	Proteobacteria	Gammaproteobacteria	Gammaproteobacteria_unclassified	Gammaproteobacteria_unclassified	Gammaproteobacteria_unclassified	3.0e-03	RPS	Otu00045	F	D0	RPS_vs_Control
124.64711303095282	4.969078296404516	1.2466150672271747	3.0675840572821278e-6	1.8773614430566622e-4	Bacteria	Bacteroidetes	Bacteroidia	Bacteroidales	Prevotellaceae	Prevotellaceae_unclassified	0.0e+00	RPS	Otu00046	F	D0	RPS_vs_Control
274.42149943079704	2.9912104660822014	1.1732323533791984	3.3516658043449487e-4	0.006911026278211598	Bacteria	Spirochaetae	Spirochaetes	Spirochaetales	Spirochaetaceae	Spirochaetaceae_unclassified	7.0e-03	RPS	Otu00056	F	D0	RPS_vs_Control
51.725273999230126	4.196319740425945	0.9387478105493922	3.710318659999127e-7	7.569050066398218e-5	Bacteria	Firmicutes	Negativicutes	Selenomonadales	Veillonellaceae	Dialister	0.0e+00	RPS	Otu00069	F	D0	RPS_vs_Control
80.44673927126237	8.348419324686187	2.162829795704591	2.8322323300035897e-6	1.8773614430566622e-4	Bacteria	Bacteroidetes	Bacteroidia	Bacteroidales	Prevotellaceae	Prevotella_7	0.0e+00	RPS	Otu00087	F	D0	RPS_vs_Control
37.483931124171576	4.922489431638596	0.8031011316304153	5.219330396753456e-11	3.194230202813115e-8	Bacteria	Bacteroidetes	Bacteroidia	Bacteroidales	Prevotellaceae	Prevotella_7	0.0e+00	RPS	Otu00103	F	D0	RPS_vs_Control
33.54235117581441	2.5497744623048524	0.9878249280660008	3.009569611484898e-4	0.006578059293674134	Bacteria	Firmicutes	Negativicutes	Selenomonadales	Veillonellaceae	Mitsuokella	7.0e-03	RPS	Otu00111	F	D0	RPS_vs_Control
13.660703035704095	3.5814135830485663	1.4473101609710846	3.56596589292032e-4	0.007018441371722215	Bacteria	Bacteroidetes	Bacteroidia	Bacteroidales	Prevotellaceae	Prevotellaceae_unclassified	7.0e-03	RPS	Otu00124	F	D0	RPS_vs_Control
19.022775765734693	2.7683753986316466	0.8533688359078252	4.324398082558682e-5	0.001764354417683942	Bacteria	Firmicutes	Negativicutes	Selenomonadales	Veillonellaceae	Megasphaera	2.0e-03	RPS	Otu00148	F	D0	RPS_vs_Control
26.57216991135125	3.9345675879368147	0.9537346843660153	1.7727635540378905e-6	1.5499018501016987e-4	Bacteria	Firmicutes	Clostridia	Clostridiales	Lachnospiraceae	Syntrophococcus	0.0e+00	RPS	Otu00157	F	D0	RPS_vs_Control
19.406062822437782	2.200847366466603	1.3499440575867119	0.002002015510700711	0.022689509121274726	Bacteria	Actinobacteria	Coriobacteriia	Coriobacteriales	Coriobacteriaceae	Olsenella	2.3e-02	RPS	Otu00161	F	D0	RPS_vs_Control
54.579884724404806	3.7401150881649903	0.8902473187022887	1.2812033045102173e-6	1.3068273706004217e-4	Bacteria	Firmicutes	Clostridia	Clostridiales	Clostridiaceae_1	Clostridium_sensu_stricto_1	0.0e+00	RPS	Otu00168	F	D0	RPS_vs_Control
17.524570863970464	-1.9744648718297828	0.7386171387179192	2.0232097296068332e-4	0.005437202535333833	Bacteria	Firmicutes	Clostridia	Clostridiales	Ruminococcaceae	Ruminococcaceae_unclassified	5.0e-03	down_RPS	Otu00188	F	D0	RPS_vs_Control
8.920440153105247	3.113331008426097	1.303635948422198	5.185936842285301e-4	0.008137931660201549	Bacteria	Actinobacteria	Coriobacteriia	Coriobacteriales	Coriobacteriaceae	Olsenella	8.0e-03	RPS	Otu00204	F	D0	RPS_vs_Control
27.15409226143639	9.440849082263876	2.353720363134627	1.1755206723730007e-6	1.3068273706004217e-4	Bacteria	Actinobacteria	Actinobacteria	Bifidobacteriales	Bifidobacteriaceae	Bifidobacterium	0.0e+00	RPS	Otu00223	F	D0	RPS_vs_Control
20.04608656627673	6.882706986992156	1.1783520313344533	4.5177079403588435e-10	1.382418629749806e-7	Bacteria	Bacteroidetes	Bacteroidia	Bacteroidales	Prevotellaceae	Prevotella_7	0.0e+00	RPS	Otu00303	F	D0	RPS_vs_Control
13.378163444272522	4.979797751261052	2.1455793972212525	4.418668479593106e-4	0.007347640822209627	Bacteria	Firmicutes	Clostridia	Clostridiales	Lachnospiraceae	Roseburia	7.0e-03	RPS	Otu00383	F	D0	RPS_vs_Control
19.019974911247985	3.429409977869804	1.4771084760234752	3.3877579795154895e-4	0.006911026278211598	Bacteria	Firmicutes	Clostridia	Clostridiales	Lachnospiraceae	Lachnospiraceae_unclassified	7.0e-03	RPS	Otu00417	F	D0	RPS_vs_Control
4.994580483203812	2.576554316246348	2.382398130455249	0.003071894111208709	0.030819658951798848	Bacteria	Firmicutes	Clostridia	Clostridiales	Lachnospiraceae	Syntrophococcus	3.1e-02	RPS	Otu00506	F	D0	RPS_vs_Control
3.9871298987031922	2.4429111099984544	1.1060144217225547	5.985991829016675e-4	0.008722445236567154	Bacteria	Proteobacteria	Gammaproteobacteria	Gammaproteobacteria_unclassified	Gammaproteobacteria_unclassified	Gammaproteobacteria_unclassified	9.0e-03	RPS	Otu00517	F	D0	RPS_vs_Control
3.22849124240127	3.034902787683787	1.2343962023244732	2.5956884311365165e-4	0.005883560443909438	Bacteria	Firmicutes	Clostridia	Clostridiales	Ruminococcaceae	Ruminococcus_1	6.0e-03	RPS	Otu00529	F	D0	RPS_vs_Control
2385.828750484125	0.7362059706953922	0.39027071732047797	0.0013397774044379117	0.026907196205794723	Bacteria	Bacteroidetes	Bacteroidia	Bacteroidales	Prevotellaceae	Prevotella_9	2.7e-02	Acid	Otu00001	F	D0	Acid_vs_Control
338.0791792407591	1.2212053193761527	0.5049068819893001	4.1968047087691674e-4	0.012370923980216043	Bacteria	Firmicutes	Clostridia	Clostridiales	Lachnospiraceae	Roseburia	1.2e-02	Acid	Otu00017	F	D0	Acid_vs_Control
214.06198073480311	0.9166011554173764	0.4873371686450679	0.0013111918138383942	0.026907196205794723	Bacteria	Firmicutes	Clostridia	Clostridiales	Ruminococcaceae	Faecalibacterium	2.7e-02	Acid	Otu00019	F	D0	Acid_vs_Control
207.38471756818225	1.605135484497232	0.6660961048564836	4.116989761729533e-4	0.012370923980216043	Bacteria	Bacteroidetes	Bacteroidia	Bacteroidales	Prevotellaceae	Prevotellaceae_unclassified	1.2e-02	Acid	Otu00028	F	D0	Acid_vs_Control
17.524570863970464	-2.2944302449699943	0.6603756310428556	1.7594105243473412e-5	0.004613518709662116	Bacteria	Firmicutes	Clostridia	Clostridiales	Ruminococcaceae	Ruminococcaceae_unclassified	5.0e-03	down_Acid	Otu00188	F	D0	Acid_vs_Control
14.441474399533012	-3.061586825978557	1.0453717285539188	1.0394273159096126e-4	0.006262549578355416	Bacteria	Firmicutes	Clostridia	Clostridiales	Ruminococcaceae	Ruminococcaceae_unclassified	6.0e-03	down_Acid	Otu00209	F	D0	Acid_vs_Control
29.794282950129965	1.4298717071269669	0.8163725349697097	0.0015710486147498314	0.02896967400622916	Bacteria	Firmicutes	Clostridia	Clostridiales	Lachnospiraceae	Lachnospiraceae_unclassified	2.9e-02	Acid	Otu00219	F	D0	Acid_vs_Control
11.094852734048002	1.6016999193293584	0.7114816324425	6.498816151667606e-4	0.01566214692551893	Bacteria	Firmicutes	Clostridia	Clostridiales	Lachnospiraceae	Pseudobutyrivibrio	1.6e-02	Acid	Otu00230	F	D0	Acid_vs_Control
15.427011166419984	-1.8038581914302376	0.6507199932675592	1.6817861010047952e-4	0.009006898896492348	Bacteria	Firmicutes	Clostridia	Clostridiales	Ruminococcaceae	Ruminococcaceae_UCG-010	9.0e-03	down_Acid	Otu00284	F	D0	Acid_vs_Control
7.616593059759868	2.111342655226962	0.7019478782914484	8.172436757060578e-5	0.005778228255061571	Bacteria	Firmicutes	Clostridia	Clostridiales	Lachnospiraceae	Lachnospiraceae_unclassified	6.0e-03	Acid	Otu00404	F	D0	Acid_vs_Control
1.9996137598094896	-3.098341286177255	1.2070824157804592	4.811189309673873e-4	0.012883295818126705	Bacteria	Firmicutes	Clostridia	Clostridiales	Ruminococcaceae	Ruminococcaceae_unclassified	1.3e-02	down_Acid	Otu00513	F	D0	Acid_vs_Control
2.6093320991363687	-3.478616680207753	1.0254871448945546	1.955063430467573e-5	0.004613518709662116	Bacteria	Bacteria_unclassified	Bacteria_unclassified	Bacteria_unclassified	Bacteria_unclassified	Bacteria_unclassified	5.0e-03	down_Acid	Otu00571	F	D0	Acid_vs_Control
207.38471756818225	1.935080580622845	0.6298322267095162	6.622467228067835e-5	0.007760318441116691	Bacteria	Bacteroidetes	Bacteroidia	Bacteroidales	Prevotellaceae	Prevotellaceae_unclassified	8.0e-03	RCS	Otu00028	F	D0	RCS_vs_Control
17.00730143695982	-1.232610761708942	0.6634480642079664	0.0013166882596111751	0.042309582742172426	Bacteria	Firmicutes	Clostridia	Clostridiales	Family_XIII	Family_XIII_unclassified	4.2e-02	down_RCS	Otu00150	F	D0	RCS_vs_Control
61.70776290285911	4.3315506577155105	0.9965162422160809	4.7561606530705096e-07	1.1462347173899928e-4	Bacteria	Firmicutes	Clostridia	Clostridiales	Ruminococcaceae	Ruminococcaceae_unclassified	0.0e+00	RCS	Otu00154	F	D0	RCS_vs_Control
10.71205176287871	2.813024234155145	0.9849801005304338	1.145668253976642e-4	0.009203534973612357	Bacteria	Firmicutes	Clostridia	Clostridiales	Ruminococcaceae	Caproiciproducens	9.0e-03	RCS	Otu00215	F	D0	RCS_vs_Control
17.851564140506703	7.022684362769732	1.6867638607984117	9.321806486702543e-7	1.4977035755302085e-4	Bacteria	Firmicutes	Clostridia	Clostridiales	Lachnospiraceae	Butyrivibrio	0.0e+00	RCS	Otu00401	F	D0	RCS_vs_Control
7.616593059759868	1.7782722852283914	0.7359716840640456	3.9074406523330254e-4	0.02354232993030648	Bacteria	Firmicutes	Clostridia	Clostridiales	Lachnospiraceae	Lachnospiraceae_unclassified	2.4e-02	RCS	Otu00404	F	D0	RCS_vs_Control
7.736437440581327	6.6532757674197205	2.1376793206134237	8.050122864228933e-5	0.007760318441116691	Bacteria	Firmicutes	Clostridia	Clostridiales	Ruminococcaceae	Ruminococcaceae_unclassified	8.0e-03	RCS	Otu00413	F	D0	RCS_vs_Control
19.019974911247985	7.649779010819558	1.2522499115508539	1.5007030614200232e-12	7.233388756044512e-10	Bacteria	Firmicutes	Clostridia	Clostridiales	Lachnospiraceae	Lachnospiraceae_unclassified	0.0e+00	RCS	Otu00417	F	D0	RCS_vs_Control
3782.187425734319	1.9257231495303175	0.5825525949909063	3.7491630421799904e-5	7.629546790836281e-4	Bacteria	Firmicutes	Negativicutes	Selenomonadales	Veillonellaceae	Megasphaera	1.0e-03	RPS	Otu00002	F	D2	RPS_vs_Control
1313.6139457521049	1.0352849488106572	1.6251294047108946	0.004853079513779714	0.0365778400390434	Bacteria	Firmicutes	Negativicutes	Selenomonadales	Veillonellaceae	Mitsuokella	3.7e-02	RPS	Otu00005	F	D2	RPS_vs_Control
545.9854769977192	1.210080784991349	0.7650384001269827	0.002352395429535011	0.023133792335999315	Bacteria	Firmicutes	Bacilli	Lactobacillales	Lactobacillaceae	Lactobacillus	2.3e-02	RPS	Otu00008	F	D2	RPS_vs_Control
811.7157750813677	2.6178058108341595	0.6875315036858681	6.124568192494266e-6	1.4508259756174137e-4	Bacteria	Firmicutes	Negativicutes	Selenomonadales	Acidaminococcaceae	Phascolarctobacterium	0.0e+00	RPS	Otu00014	F	D2	RPS_vs_Control
409.2637735291605	5.288444988587644	1.1365927210970002	1.6151847822503568e-7	7.304224515287725e-6	Bacteria	Firmicutes	Negativicutes	Selenomonadales	Veillonellaceae	Mitsuokella	0.0e+00	RPS	Otu00024	F	D2	RPS_vs_Control
139.70739364237795	1.8291817494792855	1.2047175021229066	0.0023872709535920672	0.023133792335999315	Bacteria	Bacteroidetes	Bacteroidia	Bacteroidales	Prevotellaceae	Prevotellaceae_unclassified	2.3e-02	RPS	Otu00044	F	D2	RPS_vs_Control
486.1420136723322	6.514252118984173	1.216653056477248	4.965489565594252e-9	5.115695903348921e-7	Bacteria	Bacteroidetes	Bacteroidia	Bacteroidales	Prevotellaceae	Prevotellaceae_unclassified	0.0e+00	RPS	Otu00046	F	D2	RPS_vs_Control
520.6125401387743	6.2113359714396115	1.6422718433578156	6.059429831991558e-6	1.4508259756174137e-4	Bacteria	Bacteroidetes	Bacteroidia	Bacteroidales	Prevotellaceae	Prevotella_7	0.0e+00	RPS	Otu00051	F	D2	RPS_vs_Control
615.7299652702256	5.269458531756979	1.3475663946172989	4.0004462229613655e-6	1.2524473944194428e-4	Bacteria	Bacteroidetes	Bacteroidia	Bacteroidales	Prevotellaceae	Prevotella_7	0.0e+00	RPS	Otu00054	F	D2	RPS_vs_Control
148.90915091709934	3.2964665355219847	1.1609577011045278	1.5109150497870998e-4	0.0024597697010533986	Bacteria	Firmicutes	Negativicutes	Selenomonadales	Veillonellaceae	Dialister	2.0e-03	RPS	Otu00069	F	D2	RPS_vs_Control
60.91431893872293	10.417790923465187	1.66836266394137	2.9085738233353185e-9	5.115695903348921e-7	Bacteria	Bacteroidetes	Bacteroidia	Bacteroidales	Prevotellaceae	Prevotella_7	0.0e+00	RPS	Otu00087	F	D2	RPS_vs_Control
66.04767207560378	2.7749078032519914	0.886645951881427	6.325717775682646e-5	0.00111937701508819	Bacteria	Firmicutes	Bacilli	Lactobacillales	Lactobacillaceae	Lactobacillus	1.0e-03	RPS	Otu00091	F	D2	RPS_vs_Control
125.22347044399442	4.424111983034946	0.9606899791555429	2.038913387291337e-7	8.298377486275742e-6	Bacteria	Bacteroidetes	Bacteroidia	Bacteroidales	Prevotellaceae	Prevotella_7	0.0e+00	RPS	Otu00103	F	D2	RPS_vs_Control
33.241308573146526	4.683735099064874	1.521502273215793	6.856254762554936e-5	0.0011627065368166078	Bacteria	Bacteroidetes	Bacteroidia	Bacteroidales	Prevotellaceae	Prevotellaceae_unclassified	1.0e-03	RPS	Otu00124	F	D2	RPS_vs_Control
70.48102957084167	2.9014311336837153	1.0803355548314757	2.3108623493894292e-4	0.00348341102296851	Bacteria	Firmicutes	Negativicutes	Selenomonadales	Veillonellaceae	Megasphaera	3.0e-03	RPS	Otu00148	F	D2	RPS_vs_Control
75.99332136912606	5.246771442464117	1.1263773818088751	1.5605118075525557e-7	7.304224515287725e-6	Bacteria	Firmicutes	Clostridia	Clostridiales	Lachnospiraceae	Syntrophococcus	0.0e+00	RPS	Otu00157	F	D2	RPS_vs_Control
49.66235963552595	3.8508188707922124	1.1944947812765199	4.591036854353057e-5	8.897866665341401e-4	Bacteria	Actinobacteria	Coriobacteriia	Coriobacteriales	Coriobacteriaceae	Olsenella	1.0e-03	RPS	Otu00161	F	D2	RPS_vs_Control
51.40955792763577	6.280237746876489	1.342466464284434	1.2921137220288176e-7	7.304224515287725e-6	Bacteria	Actinobacteria	Coriobacteriia	Coriobacteriales	Coriobacteriaceae	Olsenella	0.0e+00	RPS	Otu00204	F	D2	RPS_vs_Control
87.80378352557015	8.182888503943905	2.20216089075814	6.41642937619495e-6	1.4508259756174137e-4	Bacteria	Actinobacteria	Actinobacteria	Bifidobacteriales	Bifidobacteriaceae	Bifidobacterium	0.0e+00	RPS	Otu00223	F	D2	RPS_vs_Control
7.170997374920674	5.172572424157922	0.97527481307183	5.027710961522281e-9	5.115695903348921e-7	Bacteria	Proteobacteria	Gammaproteobacteria	Gammaproteobacteria_unclassified	Gammaproteobacteria_unclassified	Gammaproteobacteria_unclassified	0.0e+00	RPS	Otu00256	F	D2	RPS_vs_Control
91.6424696281456	6.515533603296794	1.7171954692951759	5.56523277064185e-6	1.4508259756174137e-4	Bacteria	Bacteroidetes	Bacteroidia	Bacteroidales	Prevotellaceae	Prevotella_7	0.0e+00	RPS	Otu00303	F	D2	RPS_vs_Control
6.522017808240729	9.021827690476561	2.320100027205413	5.712405595703303e-4	0.006838085521915424	Bacteria	Firmicutes	Erysipelotrichia	Erysipelotrichales	Erysipelotrichaceae	Erysipelotrichaceae_unclassified	7.0e-03	RPS	Otu00325	F	D2	RPS_vs_Control
30.07240853744732	6.49311750308956	1.8641092281371674	1.7136820902724767e-5	3.6708874249520953e-4	Bacteria	Actinobacteria	Actinobacteria	Bifidobacteriales	Bifidobacteriaceae	Bifidobacterium	0.0e+00	RPS	Otu00378	F	D2	RPS_vs_Control
49.63862913214855	6.069462635445337	2.7030948915730586	3.836610958937383e-4	0.004879689563398484	Bacteria	Firmicutes	Clostridia	Clostridiales	Lachnospiraceae	Lachnospiraceae_unclassified	5.0e-03	RPS	Otu00402	F	D2	RPS_vs_Control
8.666341479767537	3.4626501749682568	1.369312347146986	3.193330114608615e-4	0.004332284522152354	Bacteria	Actinobacteria	Coriobacteriia	Coriobacteriales	Coriobacteriaceae	Coriobacteriaceae_unclassified	4.0e-03	RPS	Otu00446	F	D2	RPS_vs_Control
6.041701734119229	9.719847661877395	3.282553550206056	3.4524973419403027e-6	1.2524473944194428e-4	Bacteria	Firmicutes	Clostridia	Clostridiales	Clostridiaceae_1	Clostridium_sensu_stricto_1	0.0e+00	RPS	Otu00481	F	D2	RPS_vs_Control
2.64402544996385	5.655526083772657	2.2770368136966312	4.2607486040065537e-4	0.0052549232782747495	Bacteria	Firmicutes	Clostridia	Clostridiales	Ruminococcaceae	Ruminococcaceae_unclassified	5.0e-03	RPS	Otu00695	F	D2	RPS_vs_Control
9.07879064523287	-2.1557381923627164	0.7741112562682995	1.5091447794375156e-4	0.016751507051756424	Bacteria	Firmicutes	Clostridia	Clostridiales	Ruminococcaceae	Ruminococcaceae_UCG-010	1.7e-02	down_Acid	Otu00284	F	D2	Acid_vs_Control
21.667434883962184	4.442455611896263	1.2333775784205745	9.058793818204695e-6	8.575658147900446e-4	Bacteria	Firmicutes	Clostridia	Clostridiales	Ruminococcaceae	Ruminococcaceae_unclassified	1.0e-03	RCS	Otu00154	F	D2	RCS_vs_Control
23.421580650788776	2.652603469924671	1.059179493177814	2.95381396394531e-4	0.020972079144011703	Bacteria	Firmicutes	Clostridia	Clostridiales	Ruminococcaceae	Caproiciproducens	2.1e-02	RCS	Otu00215	F	D2	RCS_vs_Control
17.340611222098094	5.61267900680633	1.5273481862783584	7.219629027402011e-6	8.575658147900446e-4	Bacteria	Firmicutes	Clostridia	Clostridiales	Lachnospiraceae	Lachnospiraceae_unclassified	1.0e-03	RCS	Otu00417	F	D2	RCS_vs_Control
809.0005137148845	1.5494391005330335	0.5411311046309463	1.3745712352369356e-4	0.004271744454120938	Bacteria	Firmicutes	Negativicutes	Selenomonadales	Acidaminococcaceae	Phascolarctobacterium	4.0e-03	RPS	Otu00014	F	D7	RPS_vs_Control
90.88683085047079	-1.3798877208576479	0.4444497135319389	6.205202538781814e-5	0.0020890848547232108	Bacteria	Firmicutes	Clostridia	Clostridiales	Lachnospiraceae	Blautia	2.0e-03	down_RPS	Otu00030	F	D7	RPS_vs_Control
216.44552815764118	1.8856640322068396	0.9942411688623579	0.0012478363607574322	0.022914813170272844	Bacteria	Bacteroidetes	Bacteroidia	Bacteroidales	Rikenellaceae	Rikenellaceae_RC9_gut_group	2.3e-02	RPS	Otu00031	F	D7	RPS_vs_Control
650.6170223975828	2.910387178172479	1.312503037443369	6.243797808161886e-4	0.01261247157248701	Bacteria	Bacteroidetes	Bacteroidia	Bacteroidales	Prevotellaceae	Prevotellaceae_unclassified	1.3e-02	RPS	Otu00046	F	D7	RPS_vs_Control
359.55575678312005	5.8780187400409805	1.5834700030474231	5.7470044263750644e-6	4.643579576511052e-4	Bacteria	Bacteroidetes	Bacteroidia	Bacteroidales	Prevotellaceae	Prevotella_7	0.0e+00	RPS	Otu00051	F	D7	RPS_vs_Control
205.03049229114623	2.056009373786779	0.9283276561663458	6.715949063124607e-4	0.012920206769058766	Bacteria	Spirochaetae	Spirochaetes	Spirochaetales	Spirochaetaceae	Spirochaetaceae_unclassified	1.3e-02	RPS	Otu00056	F	D7	RPS_vs_Control
10.379819037835535	-5.245990991383528	1.6784169131813134	1.7017558762471388e-5	7.638993044487155e-4	Bacteria	Firmicutes	Clostridia	Clostridiales	Peptostreptococcaceae	Terrisporobacter	1.0e-03	down_RPS	Otu00067	F	D7	RPS_vs_Control
145.13365323720063	2.721811215031774	0.7497045654388425	1.0459061898517286e-5	6.036372867144263e-4	Bacteria	Firmicutes	Negativicutes	Selenomonadales	Veillonellaceae	Dialister	1.0e-03	RPS	Otu00069	F	D7	RPS_vs_Control
329.2834646431067	2.3093750360862995	1.5823541578307598	0.002133148808366119	0.027799745760642324	Bacteria	Bacteroidetes	Bacteroidia	Bacteroidales	Prevotellaceae	Prevotellaceae_unclassified	2.8e-02	RPS	Otu00083	F	D7	RPS_vs_Control
159.92018651077964	2.835769493743526	0.8007647436920695	1.4451668595277283e-5	7.298092640615028e-4	Bacteria	Bacteroidetes	Bacteroidia	Bacteroidales	Prevotellaceae	Prevotella_7	1.0e-03	RPS	Otu00103	F	D7	RPS_vs_Control
196.1066428918371	5.5166555081934066	1.1585612156202525	7.339844436528094e-8	1.4826485761786749e-5	Bacteria	Bacteroidetes	Bacteroidia	Bacteroidales	Prevotellaceae	Prevotellaceae_unclassified	0.0e+00	RPS	Otu00124	F	D7	RPS_vs_Control
127.52277489362552	2.4335333690756435	0.8929216658677642	1.916145386859838e-4	0.0051608182419424975	Bacteria	Firmicutes	Negativicutes	Selenomonadales	Veillonellaceae	Megasphaera	5.0e-03	RPS	Otu00148	F	D7	RPS_vs_Control
94.59304898374101	1.8614015670872617	1.0900786926639594	0.001678112414031313	0.026050098804113585	Bacteria	Firmicutes	Clostridia	Clostridiales	Lachnospiraceae	Syntrophococcus	2.6e-02	RPS	Otu00157	F	D7	RPS_vs_Control
8.398645244611027	4.073121135863132	1.734364443890758	3.91974320957506e-4	0.009315154450990144	Bacteria	Firmicutes	Clostridia	Clostridiales	Clostridiaceae_1	Clostridium_sensu_stricto_1	9.0e-03	RPS	Otu00168	F	D7	RPS_vs_Control
43.74511138230393	3.4809528566154286	1.0897516746469784	4.422728433275494e-5	0.0016314169002736344	Bacteria	Actinobacteria	Coriobacteriia	Coriobacteriales	Coriobacteriaceae	Olsenella	2.0e-03	RPS	Otu00204	F	D7	RPS_vs_Control
53.81875343569835	8.994878813298774	1.3002282704785582	2.23454271789121e-14	9.027552580280488e-12	Bacteria	Actinobacteria	Actinobacteria	Bifidobacteriales	Bifidobacteriaceae	Bifidobacterium	0.0e+00	RPS	Otu00223	F	D7	RPS_vs_Control
37.70679737895306	5.68097530554944	1.4544424583114242	2.744401916879829e-6	2.7718459360486273e-4	Bacteria	Proteobacteria	Gammaproteobacteria	Gammaproteobacteria_unclassified	Gammaproteobacteria_unclassified	Gammaproteobacteria_unclassified	0.0e+00	RPS	Otu00256	F	D7	RPS_vs_Control
26.679607542490068	3.5524460297766205	1.2742657748040012	1.52700595094197e-4	0.004406502887003971	Bacteria	Actinobacteria	Actinobacteria	Bifidobacteriales	Bifidobacteriaceae	Bifidobacterium	4.0e-03	RPS	Otu00378	F	D7	RPS_vs_Control
54.666084465368606	5.442787386459729	1.4914023317051182	8.066709438047275e-6	5.431584354951831e-4	Bacteria	Firmicutes	Clostridia	Clostridiales	Lachnospiraceae	Lachnospiraceae_unclassified	1.0e-03	RPS	Otu00402	F	D7	RPS_vs_Control
22.189126154100936	2.9666996574957096	1.1651491868327548	2.9549739974006574e-4	0.0074613093434366595	Bacteria	Actinobacteria	Coriobacteriia	Coriobacteriales	Coriobacteriaceae	Coriobacteriaceae_unclassified	7.0e-03	RPS	Otu00446	F	D7	RPS_vs_Control
15.334548560443261	8.815135267408996	2.231211106999496	1.8017072856734311e-6	2.4262991447068872e-4	Bacteria	Firmicutes	Clostridia	Clostridiales	Clostridiaceae_1	Clostridium_sensu_stricto_1	0.0e+00	RPS	Otu00481	F	D7	RPS_vs_Control
5.525876748400583	2.080964371331696	0.8493562846676308	4.291348931198759e-4	0.009631694267801659	Bacteria	Proteobacteria	Gammaproteobacteria	Gammaproteobacteria_unclassified	Gammaproteobacteria_unclassified	Gammaproteobacteria_unclassified	1.0e-02	RPS	Otu00517	F	D7	RPS_vs_Control
14.75003330126804	2.5207414148838794	1.686779428116536	0.001934413277533187	0.026050098804113585	Bacteria	Firmicutes	Clostridia	Clostridiales	Family_XIII	Family_XIII_unclassified	2.6e-02	RPS	Otu00565	F	D7	RPS_vs_Control
16.30889829283986	5.317657903197092	1.6859761233320232	4.441976708665836e-5	0.0016314169002736344	Bacteria	Firmicutes	Clostridia	Clostridiales	Clostridiales_unclassified	Clostridiales_unclassified	2.0e-03	RPS	Otu00599	F	D7	RPS_vs_Control
10.094331127758167	2.7327620384333637	7.180203927710406	0.0028002988100381114	0.03235531155936151	Bacteria	Bacteria_unclassified	Bacteria_unclassified	Bacteria_unclassified	Bacteria_unclassified	Bacteria_unclassified	3.2e-02	RPS	Otu00685	F	D7	RPS_vs_Control
23.025450010033264	5.010612026724241	1.467620724523956	1.7273961603018714e-5	0.021713369734994523	Bacteria	Cyanobacteria	Cyanobacteria_unclassified	Cyanobacteria_unclassified	Cyanobacteria_unclassified	Cyanobacteria_unclassified	2.2e-02	Acid	Otu00244	F	D7	Acid_vs_Control
43.388321051402585	4.823048408630335	1.0001908570067584	4.972124763669861e-8	6.249960827933014e-5	Bacteria	Firmicutes	Clostridia	Clostridiales	Ruminococcaceae	Ruminococcaceae_unclassified	0e+00	RCS	Otu00154	F	D7	RCS_vs_Control
20.003296316168402	6.524372586665181	1.6979815727823404	4.569036219485976e-6	0.002871639263946936	Bacteria	Firmicutes	Clostridia	Clostridiales	Lachnospiraceae	Butyrivibrio	3e-03	RCS	Otu00401	F	D7	RCS_vs_Control
832.3064058229523	2.9089105299700155	1.417633146033296	8.304055602402995e-4	0.008802298938547174	Bacteria	Firmicutes	Negativicutes	Selenomonadales	Veillonellaceae	Mitsuokella	9.0e-03	RPS	Otu00024	F	D14	RPS_vs_Control
339.8253775569277	1.817393299856828	0.8139957511954589	6.551625361289559e-4	0.0077292645592401165	Bacteria	Bacteroidetes	Bacteroidia	Bacteroidales	Rikenellaceae	Rikenellaceae_RC9_gut_group	8.0e-03	RPS	Otu00031	F	D14	RPS_vs_Control
431.2591713950126	1.7367987920055852	1.1198723095113818	0.0021162722497890356	0.01770350276515508	Bacteria	Proteobacteria	Gammaproteobacteria	Gammaproteobacteria_unclassified	Gammaproteobacteria_unclassified	Gammaproteobacteria_unclassified	1.8e-02	RPS	Otu00045	F	D14	RPS_vs_Control
69.01538672469287	7.515110916685763	1.322199927499432	7.347799951448107e-4	0.008422097940955968	Bacteria	Bacteroidetes	Bacteroidia	Bacteroidales	Prevotellaceae	Prevotellaceae_unclassified	8.0e-03	RPS	Otu00046	F	D14	RPS_vs_Control
26.86119503859057	10.120246465923183	3.362060498916821	0.006011743219905055	0.037931236982734276	Bacteria	Bacteroidetes	Bacteroidia	Bacteroidales	Prevotellaceae	Prevotella_7	3.8e-02	RPS	Otu00051	F	D14	RPS_vs_Control
9.085342138653047	9.973033683713277	1.4197066201806459	0.007201119614334179	0.04254707074693015	Bacteria	Bacteroidetes	Bacteroidia	Bacteroidales	Prevotellaceae	Prevotella_7	4.3e-02	RPS	Otu00054	F	D14	RPS_vs_Control
110.36183820062087	5.487145395248114	1.3031308302851687	0.005015727147817767	0.0340812229274797	Bacteria	Bacteroidetes	Bacteroidia	Bacteroidales	Prevotellaceae	Prevotella_7	3.4e-02	RPS	Otu00057	F	D14	RPS_vs_Control
198.5232176708564	4.069877642517818	1.1778952313881805	1.8020767899459803e-5	4.7755034933568476e-4	Bacteria	Firmicutes	Negativicutes	Selenomonadales	Veillonellaceae	Dialister	0.0e+00	RPS	Otu00069	F	D14	RPS_vs_Control
315.39544071234235	8.562528503364923	1.3079585910598497	2.7888839510969085e-12	3.695271235203404e-10	Bacteria	Bacteroidetes	Bacteroidia	Bacteroidales	Prevotellaceae	Prevotellaceae_unclassified	0.0e+00	RPS	Otu00083	F	D14	RPS_vs_Control
45.958252759730236	10.320487777543894	1.9699916907759918	6.649798304469531e-5	0.0014684971255703547	Bacteria	Bacteroidetes	Bacteroidia	Bacteroidales	Prevotellaceae	Prevotella_7	1.0e-03	RPS	Otu00087	F	D14	RPS_vs_Control
127.3876683937958	3.411750880121283	1.3078270118779398	2.3308264241203645e-4	0.0037434484993448284	Bacteria	Bacteroidetes	Bacteroidia	Bacteroidales	Prevotellaceae	Prevotella_7	4.0e-03	RPS	Otu00103	F	D14	RPS_vs_Control
182.19444819938948	6.509597158748947	1.4972805233186275	4.2035730688225354e-7	1.713764404981495e-5	Bacteria	Bacteroidetes	Bacteroidia	Bacteroidales	Prevotellaceae	Prevotellaceae_unclassified	0.0e+00	RPS	Otu00124	F	D14	RPS_vs_Control
18.63948821217657	5.091276684175533	0.8066926421712395	0.0053526775527238425	0.03501391241003448	Bacteria	Firmicutes	Negativicutes	Selenomonadales	Veillonellaceae	Megasphaera	3.5e-02	RPS	Otu00148	F	D14	RPS_vs_Control
135.34370181300642	2.503147812764464	1.1961470873673992	8.09243375222407e-4	0.00875304058914032	Bacteria	Firmicutes	Negativicutes	Selenomonadales	Veillonellaceae	Megasphaera	9.0e-03	RPS	Otu00149	F	D14	RPS_vs_Control
19.491922723652245	-2.015038194325713	0.6913233063899422	1.0669784204620773e-4	0.00224919804728477	Bacteria	Firmicutes	Clostridia	Clostridiales	Family_XIII	Family_XIII_unclassified	2.0e-03	down_RPS	Otu00150	F	D14	RPS_vs_Control
150.34713537000292	6.401965284572795	1.0454384376395534	4.2925814601167043e-11	3.2500973912312186e-9	Bacteria	Firmicutes	Clostridia	Clostridiales	Lachnospiraceae	Syntrophococcus	0.0e+00	RPS	Otu00157	F	D14	RPS_vs_Control
86.30109426693369	5.0881467036537735	1.2697896637314232	2.0585037365743013e-6	7.414061236444908e-5	Bacteria	Actinobacteria	Coriobacteriia	Coriobacteriales	Coriobacteriaceae	Olsenella	0.0e+00	RPS	Otu00161	F	D14	RPS_vs_Control
10.519153643662655	7.5869255296201015	1.3230092296363014	1.6155870712146838e-4	0.002952624647392353	Bacteria	Actinobacteria	Coriobacteriia	Coriobacteriales	Coriobacteriaceae	Olsenella	3.0e-03	RPS	Otu00204	F	D14	RPS_vs_Control
157.13260769751454	12.218808978291962	2.200729541087639	5.445745573118137e-11	3.6078064421907656e-9	Bacteria	Actinobacteria	Actinobacteria	Bifidobacteriales	Bifidobacteriaceae	Bifidobacterium	0.0e+00	RPS	Otu00223	F	D14	RPS_vs_Control
20.563988860513376	2.029049989252739	1.8567838760362216	0.0028533439972240992	0.02326572797736573	Bacteria	Firmicutes	Negativicutes	Selenomonadales	Veillonellaceae	Veillonellaceae_unclassified	2.3e-02	RPS	Otu00246	F	D14	RPS_vs_Control
44.1165144215899	10.697859402279638	1.8141987645669133	3.1719274397434826e-13	5.6037384768801523e-11	Bacteria	Proteobacteria	Gammaproteobacteria	Gammaproteobacteria_unclassified	Gammaproteobacteria_unclassified	Gammaproteobacteria_unclassified	0.0e+00	RPS	Otu00256	F	D14	RPS_vs_Control
11.511379264791278	2.2650071959351403	1.1729232165829497	9.098547740405804e-4	0.009455353534147209	Bacteria	Firmicutes	Clostridia	Clostridiales	Family_XIII	Family_XIII_unclassified	9.0e-03	RPS	Otu00300	F	D14	RPS_vs_Control
77.1234305445804	5.453793035855709	1.4708165722813649	6.2816870356566005e-6	1.9584083111164695e-4	Bacteria	Firmicutes	Clostridia	Clostridiales	Lachnospiraceae	Blautia	0.0e+00	RPS	Otu00320	F	D14	RPS_vs_Control
8.170968805272718	14.926781174118569	4.169512014683844	5.08452446195839e-18	1.3473989824189733e-15	Bacteria	Bacteria_unclassified	Bacteria_unclassified	Bacteria_unclassified	Bacteria_unclassified	Bacteria_unclassified	0.0e+00	RPS	Otu00345	F	D14	RPS_vs_Control
13.389365821838114	6.705470582276374	1.940119527066952	1.1566438520584012e-5	3.4056735643941814e-4	Bacteria	Actinobacteria	Coriobacteriia	Coriobacteriales	Coriobacteriaceae	Olsenella	0.0e+00	RPS	Otu00368	F	D14	RPS_vs_Control
5.733393286892706	3.8130255295915623	2.33888486532748	0.0013733515976090912	0.012769760468996812	Bacteria	Firmicutes	Clostridia	Clostridiales	Lachnospiraceae	Roseburia	1.3e-02	RPS	Otu00383	F	D14	RPS_vs_Control
75.27644274521563	10.498741227840995	2.7475624764049607	1.3985741387797702e-7	7.162096236877939e-6	Bacteria	Firmicutes	Clostridia	Clostridiales	Lachnospiraceae	Lachnospiraceae_unclassified	0.0e+00	RPS	Otu00402	F	D14	RPS_vs_Control
19.523309844324668	2.926962058895161	0.6593062524927827	1.486472803880327e-7	7.162096236877939e-6	Bacteria	Proteobacteria	Betaproteobacteria	Burkholderiales	Burkholderiales_unclassified	Burkholderiales_unclassified	0.0e+00	RPS	Otu00427	F	D14	RPS_vs_Control
6.317757250744706	2.914328542315056	1.1258565437863197	2.482521105455694e-4	0.003823570919300885	Bacteria	Bacteroidetes	Bacteroidia	Bacteroidales	Prevotellaceae	Prevotellaceae_unclassified	4.0e-03	RPS	Otu00442	F	D14	RPS_vs_Control
27.849784720526962	4.938084280755565	2.082354629533761	2.713264999823059e-4	0.003853665468320954	Bacteria	Firmicutes	Clostridia	Clostridiales	Eubacteriaceae	Pseudoramibacter	4.0e-03	RPS	Otu00460	F	D14	RPS_vs_Control
6.878519030255226	2.5735537609975636	1.8581673280585527	0.0015620667384986277	0.013798256190071212	Bacteria	Firmicutes	Negativicutes	Selenomonadales	Veillonellaceae	Veillonellaceae_unclassified	1.4e-02	RPS	Otu00476	F	D14	RPS_vs_Control
21.328640754211833	11.436067306523883	3.6289583363873468	2.0983192178617663e-6	7.414061236444908e-5	Bacteria	Firmicutes	Clostridia	Clostridiales	Clostridiaceae_1	Clostridium_sensu_stricto_1	0.0e+00	RPS	Otu00481	F	D14	RPS_vs_Control
1.935374936829593	9.346626741158376	1.6417889372301728	0.004904019202780448	0.0340812229274797	Bacteria	Firmicutes	Clostridia	Clostridiales	Family_XIII	Family_XIII_unclassified	3.4e-02	RPS	Otu00565	F	D14	RPS_vs_Control
18.52164583496529	7.692075881074364	2.3410982350241305	2.604727494112557e-5	6.573836056569787e-4	Bacteria	Firmicutes	Clostridia	Clostridiales	Lachnospiraceae	Lachnospiraceae_unclassified	1.0e-03	RPS	Otu00614	F	D14	RPS_vs_Control
7.452654390129343	4.26352942786345	1.7552313127790258	2.7630054301169105e-4	0.003853665468320954	Bacteria	Actinobacteria	Coriobacteriia	Coriobacteriales	Coriobacteriaceae	Coriobacteriaceae_unclassified	4.0e-03	RPS	Otu00677	F	D14	RPS_vs_Control
400.9018965660201	2.904407056184611	0.9833665662935225	8.754021223474523e-5	0.0066280446406307095	Bacteria	Spirochaetae	Spirochaetes	Spirochaetales	Spirochaetaceae	Treponema_2	7.0e-03	RCS	Otu00042	F	D14	RCS_vs_Control
29.564908491536606	2.6384089973690417	1.359450157082043	9.222307653688252e-4	0.04887823056454774	Bacteria	Firmicutes	Clostridia	Clostridiales	Ruminococcaceae	Ruminococcaceae_unclassified	4.9e-02	RCS	Otu00154	F	D14	RCS_vs_Control
15.932054697600929	7.7354222983546395	2.094734948501356	6.242554705600758e-6	6.617107987936803e-4	Bacteria	Firmicutes	Clostridia	Clostridiales	Lachnospiraceae	Butyrivibrio	1.0e-03	RCS	Otu00401	F	D14	RCS_vs_Control
13.5533300845659	8.636021941190819	1.9258048698564016	3.6602441529193016e-8	9.699647005236149e-6	Bacteria	Firmicutes	Clostridia	Clostridiales	Lachnospiraceae	Lachnospiraceae_unclassified	0.0e+00	RCS	Otu00417	F	D14	RCS_vs_Control
8.74308031964062	3.1550901698926586	1.3648925754275698	4.11266338096715e-4	0.027046701093770612	Bacteria	Bacteria_unclassified	Bacteria_unclassified	Bacteria_unclassified	Bacteria_unclassified	Bacteria_unclassified	2.7e-02	RCS	Otu00451	F	D14	RCS_vs_Control
2119.3799560646607	2.0604536254220793	0.5419347979947943	5.530697597496879e-6	1.477486358188452e-4	Bacteria	Firmicutes	Negativicutes	Selenomonadales	Veillonellaceae	Megasphaera	0.0e+00	RPS	Otu00002	F	D21	RPS_vs_Control
1416.2831732491854	1.4792658125868103	0.5184391695167917	1.4037551506341259e-4	0.002460958248455452	Bacteria	Bacteroidetes	Bacteroidia	Bacteroidales	Prevotellaceae	Prevotella_9	2.0e-03	RPS	Otu00004	F	D21	RPS_vs_Control
1078.056367710104	2.0068295195676504	0.738759743046467	2.0093930030879118e-4	0.0031525465207090414	Bacteria	Firmicutes	Negativicutes	Selenomonadales	Veillonellaceae	Mitsuokella	3.0e-03	RPS	Otu00005	F	D21	RPS_vs_Control
438.2050115772864	-5.26954955531489	1.1841389307810466	2.0701374533411678e-7	8.933439317879962e-6	Bacteria	Bacteroidetes	Bacteroidia	Bacteroidales	Prevotellaceae	Prevotellaceae_unclassified	0.0e+00	down_RPS	Otu00021	F	D21	RPS_vs_Control
47.52406957565851	5.860142600313943	1.3543102002300749	7.875849982163401e-5	0.0014252747870947317	Bacteria	Bacteroidetes	Bacteroidia	Bacteroidales	Prevotellaceae	Prevotella_7	1.0e-03	RPS	Otu00057	F	D21	RPS_vs_Control
85.12109395774476	4.994398108735595	1.3486820090537373	6.957878370287125e-6	1.7742589844232167e-4	Bacteria	Firmicutes	Negativicutes	Selenomonadales	Veillonellaceae	Dialister	0.0e+00	RPS	Otu00069	F	D21	RPS_vs_Control
105.33811083870344	-2.0738228539560937	0.784791971995894	2.207136119613584e-4	0.00334649557595465	Bacteria	Bacteroidetes	Bacteroidia	Bacteroidales	Prevotellaceae	Prevotella_9	3.0e-03	down_RPS	Otu00076	F	D21	RPS_vs_Control
16.773214000157417	7.733688584525275	1.2537357614314248	5.497714270547381e-4	0.007009585694947911	Bacteria	Bacteroidetes	Bacteroidia	Bacteroidales	Prevotellaceae	Prevotellaceae_unclassified	7.0e-03	RPS	Otu00083	F	D21	RPS_vs_Control
107.15823577123595	-3.458301565724479	0.800306269178583	5.207081104822668e-7	1.9474483332036778e-5	Bacteria	Firmicutes	Clostridia	Clostridiales	Lachnospiraceae	Lachnospiraceae_unclassified	0.0e+00	down_RPS	Otu00100	F	D21	RPS_vs_Control
60.63401297970994	2.939743218378454	2.3325979566664663	0.0022417090069112256	0.01796569646967425	Bacteria	Bacteroidetes	Bacteroidia	Bacteroidales	Prevotellaceae	Prevotella_7	1.8e-02	RPS	Otu00103	F	D21	RPS_vs_Control
35.04878492891078	2.8317292464173724	1.2909650138035278	6.434865098406656e-4	0.007680764511076881	Bacteria	Firmicutes	Negativicutes	Selenomonadales	Veillonellaceae	Mitsuokella	8.0e-03	RPS	Otu00111	F	D21	RPS_vs_Control
130.5458164735284	7.213770740187557	1.2660881425762363	5.298230476840159e-10	3.715384121884161e-8	Bacteria	Bacteroidetes	Bacteroidia	Bacteroidales	Prevotellaceae	Prevotellaceae_unclassified	0.0e+00	RPS	Otu00124	F	D21	RPS_vs_Control
40.33779840589254	1.9020681508081951	1.068070477146089	0.0014206346295929225	0.013282933786693825	Bacteria	Firmicutes	Negativicutes	Selenomonadales	Veillonellaceae	Megasphaera	1.3e-02	RPS	Otu00149	F	D21	RPS_vs_Control
13.103142556284954	6.07527428557713	1.182140254730959	0.0041438572037934196	0.029141198009451447	Bacteria	Firmicutes	Clostridia	Clostridiales	Lachnospiraceae	Syntrophococcus	2.9e-02	RPS	Otu00157	F	D21	RPS_vs_Control
46.98105536472578	4.148909942464159	1.605405963457158	2.282693477658816e-4	0.0033699764235963045	Bacteria	Actinobacteria	Coriobacteriia	Coriobacteriales	Coriobacteriaceae	Olsenella	3.0e-03	RPS	Otu00161	F	D21	RPS_vs_Control
30.464026338639854	3.0126067976361806	0.9782541343557775	7.009952830623969e-5	0.0013560632889586368	Bacteria	Firmicutes	Clostridia	Clostridiales	Clostridiaceae_1	Clostridium_sensu_stricto_1	1.0e-03	RPS	Otu00168	F	D21	RPS_vs_Control
15.959948529442148	2.2322781349437646	0.6966023128147593	4.853496198077727e-5	9.724326311148588e-4	Bacteria	Firmicutes	Clostridia	Clostridiales	Lachnospiraceae	Lachnospiraceae_unclassified	1.0e-03	RPS	Otu00219	F	D21	RPS_vs_Control
9.00962499423683	-8.155658781997422	2.886415173008664	5.059924426069478e-8	2.580561457295434e-6	Bacteria	Proteobacteria	Deltaproteobacteria	Desulfovibrionales	Desulfovibrionaceae	Desulfovibrio	0.0e+00	down_RPS	Otu00238	F	D21	RPS_vs_Control
65.02176810018636	8.413319321954353	1.6758719019423032	2.1532155342575032e-10	1.725648449597799e-8	Bacteria	Proteobacteria	Gammaproteobacteria	Gammaproteobacteria_unclassified	Gammaproteobacteria_unclassified	Gammaproteobacteria_unclassified	0.0e+00	RPS	Otu00256	F	D21	RPS_vs_Control
138.5307562522053	6.4656681674162115	1.227236248592383	6.22498606551256e-9	3.880241314169496e-7	Archaea	Euryarchaeota	Methanobacteria	Methanobacteriales	Methanobacteriaceae	Methanobacteriaceae_unclassified	0.0e+00	RPS	Otu00276	F	D21	RPS_vs_Control
12.411470418384175	4.983949821074873	1.1619076665577883	1.0158344555419057e-6	3.561769559743807e-5	Bacteria	Firmicutes	Clostridia	Clostridiales	Family_XIII	Family_XIII_unclassified	0.0e+00	RPS	Otu00300	F	D21	RPS_vs_Control
43.160043894489895	4.9291150398362475	2.2843940941475047	4.142046170575931e-4	0.005532590242126423	Bacteria	Firmicutes	Clostridia	Clostridiales	Lachnospiraceae	Blautia	6.0e-03	RPS	Otu00320	F	D21	RPS_vs_Control
17.52207054286906	1.978258774588648	1.3157408301078195	0.002185276449935376	0.01776724765817023	Bacteria	Firmicutes	Erysipelotrichia	Erysipelotrichales	Erysipelotrichaceae	Erysipelotrichaceae_unclassified	1.8e-02	RPS	Otu00325	F	D21	RPS_vs_Control
10.380664724259379	3.106886431107733	0.8732202973968568	1.1541480387912199e-5	2.697821040674477e-4	Bacteria	Proteobacteria	Betaproteobacteria	Burkholderiales	Burkholderiales_unclassified	Burkholderiales_unclassified	0.0e+00	RPS	Otu00427	F	D21	RPS_vs_Control
14.518641057937353	3.4468542335240566	3.0755279714095005	0.0019960097842851685	0.016966083166423934	Bacteria	Firmicutes	Clostridia	Clostridiales	Eubacteriaceae	Pseudoramibacter	1.7e-02	RPS	Otu00460	F	D21	RPS_vs_Control
11.15771427543492	9.693078171267496	3.914596287865833	2.981433277903795e-4	0.004181460172260072	Bacteria	Firmicutes	Clostridia	Clostridiales	Clostridiaceae_1	Clostridium_sensu_stricto_1	4.0e-03	RPS	Otu00481	F	D21	RPS_vs_Control
15.959948529442148	1.8890104162459853	0.7085035915419385	2.2268318035758756e-4	0.03193276806327806	Bacteria	Firmicutes	Clostridia	Clostridiales	Lachnospiraceae	Lachnospiraceae_unclassified	3.2e-02	Acid	Otu00219	F	D21	Acid_vs_Control
1416.2831732491854	1.2350545711044647	0.5493320122083385	6.592136436110785e-4	0.027639886342835932	Bacteria	Bacteroidetes	Bacteroidia	Bacteroidales	Prevotellaceae	Prevotella_9	2.8e-02	RCS	Otu00004	F	D21	RCS_vs_Control
476.66711816629015	2.0392544417431764	0.7730036456282969	2.4908656326725313e-4	0.016425176995985717	Bacteria	Spirochaetae	Spirochaetes	Spirochaetales	Spirochaetaceae	Treponema_2	1.6e-02	RCS	Otu00042	F	D21	RCS_vs_Control
32.98044897561795	4.855649518043251	0.7338491876484782	1.177146142658099e-12	3.454923928701521e-10	Bacteria	Firmicutes	Clostridia	Clostridiales	Ruminococcaceae	Ruminococcaceae_unclassified	0.0e+00	RCS	Otu00154	F	D21	RCS_vs_Control
21.279856979935733	4.075575985464566	1.7190954399663434	3.4161474998606735e-4	0.020052785824182153	Bacteria	Bacteroidetes	Bacteroidia	Bacteroidales	Rikenellaceae	Rikenellaceae_unclassified	2.0e-02	RCS	Otu00344	F	D21	RCS_vs_Control
7.069525921748003	3.2217285927180543	0.9833148236292462	3.9538689104809165e-5	0.0038682017507538297	Bacteria	Bacteria_unclassified	Bacteria_unclassified	Bacteria_unclassified	Bacteria_unclassified	Bacteria_unclassified	4.0e-03	RCS	Otu00534	F	D21	RCS_vs_Control
10.608817568340848	9.148453818229644	3.0273159596733454	2.3060685863667987e-6	2.7073245203946216e-4	Bacteria	Firmicutes	Clostridia	Clostridiales	Clostridiaceae_1	Clostridium_sensu_stricto_1	0.0e+00	RCS	Otu00551	F	D21	RCS_vs_Control
6.334688460263882	4.123237168833869	1.7946704440866823	6.160821073177879e-4	0.027639886342835932	Bacteria	Firmicutes	Clostridia	Clostridiales	Clostridiaceae_1	Clostridiaceae_1_unclassified	2.8e-02	RCS	Otu00606	F	D21	RCS_vs_Control
2552.3957709725296	0.8931695225117533	0.491149340405166	0.001542385171005421	0.01119558891367728	Bacteria	Firmicutes	Negativicutes	Selenomonadales	Veillonellaceae	Megasphaera	1.1e-02	RPS	Otu00002	C	D21	RPS_vs_Control
1499.0819588251604	1.3621234026518259	0.4010788925163813	2.455389696533082e-5	6.460744139002672e-4	Bacteria	Bacteroidetes	Bacteroidia	Bacteroidales	Prevotellaceae	Prevotella_9	1.0e-03	RPS	Otu00004	C	D21	RPS_vs_Control
24.817846810716084	3.348491493484717	1.6730413186056894	0.0013895701985116736	0.010320353854373122	Bacteria	Bacteroidetes	Bacteroidia	Bacteroidales	Prevotellaceae	Prevotella_7	1.0e-02	RPS	Otu00057	C	D21	RPS_vs_Control
68.08844843360174	2.9895507977159723	1.662747468936949	0.001175454719506873	0.009516662248315261	Bacteria	Firmicutes	Negativicutes	Selenomonadales	Veillonellaceae	Dialister	1.0e-02	RPS	Otu00069	C	D21	RPS_vs_Control
27.60138207289039	7.897678833063815	1.7628866372192302	1.0612081688586174e-7	7.76875442126918e-6	Bacteria	Bacteroidetes	Bacteroidia	Bacteroidales	Prevotellaceae	Prevotellaceae_unclassified	0.0e+00	RPS	Otu00083	C	D21	RPS_vs_Control
61.63673836886485	5.180713054695047	1.2673743446815042	1.3238764967474539e-6	5.573520051306781e-5	Bacteria	Bacteroidetes	Bacteroidia	Bacteroidales	Prevotellaceae	Prevotellaceae_unclassified	0.0e+00	RPS	Otu00124	C	D21	RPS_vs_Control
24.229118830556367	4.676125108337515	1.3378879708353228	1.4512884833405001e-5	4.6999419345103893e-4	Bacteria	Firmicutes	Clostridia	Clostridiales	Lachnospiraceae	Syntrophococcus	0.0e+00	RPS	Otu00157	C	D21	RPS_vs_Control
21.81358194537384	2.7811883757164972	2.2971093253780968	0.002232693404686748	0.015666065389552015	Bacteria	Actinobacteria	Coriobacteriia	Coriobacteriales	Coriobacteriaceae	Olsenella	1.6e-02	RPS	Otu00161	C	D21	RPS_vs_Control
28.192887130518784	3.1457723163720117	1.242847178520818	2.8463649727978154e-4	0.003965907097458227	Bacteria	Firmicutes	Clostridia	Clostridiales	Clostridiaceae_1	Clostridium_sensu_stricto_1	4.0e-03	RPS	Otu00168	C	D21	RPS_vs_Control
29.959713492702797	1.427766073629005	1.3239811393899963	0.003365548768736721	0.02120128851550513	Bacteria	Firmicutes	Erysipelotrichia	Erysipelotrichales	Erysipelotrichaceae	Catenibacterium	2.1e-02	RPS	Otu00178	C	D21	RPS_vs_Control
23.78468321983574	7.280443608415723	1.6785200893699601	3.6333297641710153e-7	2.1851883295942822e-5	Archaea	Euryarchaeota	Methanobacteria	Methanobacteriales	Methanobacteriaceae	Methanobacteriaceae_unclassified	0.0e+00	RPS	Otu00276	C	D21	RPS_vs_Control
7.8920747132087845	3.332408528621809	2.0804837893810793	0.0013225550383322464	0.010320353854373122	Bacteria	Firmicutes	Clostridia	Clostridiales	Lachnospiraceae	Lachnospiraceae_unclassified	1.0e-02	RPS	Otu00301	C	D21	RPS_vs_Control
16.281049870429023	-1.3326599749499815	0.5560928589342847	4.2843525427650183e-4	0.004746611632905455	Bacteria	Proteobacteria	Betaproteobacteria	Betaproteobacteria_unclassified	Betaproteobacteria_unclassified	Betaproteobacteria_unclassified	5.0e-03	down_RPS	Otu00308	C	D21	RPS_vs_Control
9.972113811810264	1.901181806254489	1.9117524286592722	0.0031691626758166545	0.020526422869520177	Bacteria	Firmicutes	Erysipelotrichia	Erysipelotrichales	Erysipelotrichaceae	Erysipelotrichaceae_unclassified	2.1e-02	RPS	Otu00325	C	D21	RPS_vs_Control
16.384527922546514	2.7864674689834708	1.037295050150959	2.0100001055483363e-4	0.00325465401706096	Bacteria	Firmicutes	Clostridia	Clostridiales	Ruminococcaceae	Ruminococcaceae_UCG-014	3.0e-03	RPS	Otu00327	C	D21	RPS_vs_Control
5.139753680637871	4.6266474823323485	2.192652963676142	9.983919019804206e-4	0.008578020219056268	Bacteria	Firmicutes	Clostridia	Clostridiales	Lachnospiraceae	Roseburia	9.0e-03	RPS	Otu00383	C	D21	RPS_vs_Control
4.9558176928095214	3.005154662517543	1.2308416833463458	4.094796006487951e-4	0.004659213834409264	Bacteria	Bacteroidetes	Bacteroidia	Bacteroidales	Prevotellaceae	Prevotellaceae_unclassified	5.0e-03	RPS	Otu00442	C	D21	RPS_vs_Control
5.334640230331553	4.346913639163547	2.139810543639981	7.130956429309132e-4	0.006526375340737271	Bacteria	Firmicutes	Clostridia	Clostridiales	Eubacteriaceae	Pseudoramibacter	7.0e-03	RPS	Otu00460	C	D21	RPS_vs_Control
9.8409320427122	3.7233645131887587	1.6381318175552515	5.030338130168044e-4	0.00529091862712548	Bacteria	Firmicutes	Erysipelotrichia	Erysipelotrichales	Erysipelotrichaceae	Faecalitalea	5.0e-03	RPS	Otu00519	C	D21	RPS_vs_Control
59.22080689828326	4.8839525104818025	1.0696422812144264	1.2958705847080628e-7	2.3455257583215935e-5	Bacteria	Firmicutes	Clostridia	Clostridiales	Ruminococcaceae	Ruminococcaceae_unclassified	0.0e+00	RCS	Otu00154	C	D21	RCS_vs_Control
1.988623953631578	4.102493664062085	1.5438850457492954	1.3843840077220585e-4	0.01252867526988463	Bacteria	Firmicutes	Erysipelotrichia	Erysipelotrichales	Erysipelotrichaceae	Turicibacter	1.3e-02	RCS	Otu00278	C	D21	RCS_vs_Control
15.170454823859915	2.547736817079569	1.3366210242156993	0.0010574363740497679	0.041013425079215994	Bacteria	Bacteria_unclassified	Bacteria_unclassified	Bacteria_unclassified	Bacteria_unclassified	Bacteria_unclassified	4.1e-02	RCS	Otu00534	C	D21	RCS_vs_Control
1455.329512533755	0.9677206134470088	0.556427837880954	0.0019027628455296655	0.01716450650238219	Bacteria	Firmicutes	Negativicutes	Selenomonadales	Veillonellaceae	Megasphaera	1.7e-02	RPS	Otu00002	X	D21	RPS_vs_Control
2547.555184165771	1.2714388009256028	0.5454423850633618	5.577393921590937e-4	0.007860782440958428	Bacteria	Bacteroidetes	Bacteroidia	Bacteroidales	Prevotellaceae	Prevotella_9	8.0e-03	RPS	Otu00004	X	D21	RPS_vs_Control
229.10624054655887	1.4770182466162567	1.336856802395704	0.0033447618243290663	0.02497037706783596	Bacteria	Firmicutes	Negativicutes	Selenomonadales	Acidaminococcaceae	Phascolarctobacterium	2.5e-02	RPS	Otu00014	X	D21	RPS_vs_Control
265.94661971232307	-1.4792045701293346	0.5731441731417567	2.542918043842356e-4	0.004787319621668435	Bacteria	Bacteroidetes	Bacteroidia	Bacteroidales	Prevotellaceae	Prevotellaceae_unclassified	5.0e-03	down_RPS	Otu00025	X	D21	RPS_vs_Control
19.55316692295717	8.079215480423356	1.2066264105918745	0.007089130912864616	0.04092791580360505	Bacteria	Bacteroidetes	Bacteroidia	Bacteroidales	Prevotellaceae	Prevotellaceae_unclassified	4.1e-02	RPS	Otu00046	X	D21	RPS_vs_Control
23.67982835801467	7.060832551035554	1.287356201367685	0.002032491446810781	0.017601375929381366	Bacteria	Bacteroidetes	Bacteroidia	Bacteroidales	Prevotellaceae	Prevotella_7	1.8e-02	RPS	Otu00057	X	D21	RPS_vs_Control
67.75780586693267	3.9222887444786334	1.1031468850334116	1.272857670841365e-5	4.239595165187008e-4	Bacteria	Firmicutes	Negativicutes	Selenomonadales	Veillonellaceae	Dialister	0.0e+00	RPS	Otu00069	X	D21	RPS_vs_Control
9.70793557751986	7.958383752561222	1.0979475039936182	2.6237890647307933e-06	1.2623340722538152e-4	Bacteria	Bacteroidetes	Bacteroidia	Bacteroidales	Prevotellaceae	Prevotellaceae_unclassified	0.0e+00	RPS	Otu00083	X	D21	RPS_vs_Control
2.7210654271148713	10.469755532591062	1.8415944409104685	0.0036639881645580867	0.025921110641009774	Bacteria	Bacteroidetes	Bacteroidia	Bacteroidales	Prevotellaceae	Prevotella_7	2.6e-02	RPS	Otu00087	X	D21	RPS_vs_Control
72.99532604921953	-4.759560498691239	0.8571553108872878	9.64754528454959e-10	1.3924623694033245e-7	Bacteria	Bacteroidetes	Bacteroidia	Bacteroidales	Prevotellaceae	Prevotellaceae_unclassified	0.0e+00	down_RPS	Otu00122	X	D21	RPS_vs_Control
96.41591863535322	4.889552201223164	1.120487103159504	4.969594472198762e-7	3.074049152088663e-5	Bacteria	Bacteroidetes	Bacteroidia	Bacteroidales	Prevotellaceae	Prevotellaceae_unclassified	0.0e+00	RPS	Otu00124	X	D21	RPS_vs_Control
43.337149410412614	4.437680643367236	1.511488727687483	8.729939654508706e-5	0.0021000354835568166	Bacteria	Firmicutes	Clostridia	Clostridiales	Lachnospiraceae	Syntrophococcus	2.0e-03	RPS	Otu00157	X	D21	RPS_vs_Control
33.15488424734901	3.8886175923623387	1.7487732201335273	5.005491627062769e-4	0.0077406352661363535	Bacteria	Actinobacteria	Coriobacteriia	Coriobacteriales	Coriobacteriaceae	Olsenella	8.0e-03	RPS	Otu00161	X	D21	RPS_vs_Control
9.106160097778808	3.0922869696895385	2.541141876247583	0.002194011082019267	0.01862758428459495	Bacteria	Firmicutes	Clostridia	Clostridiales	Clostridiaceae_1	Clostridium_sensu_stricto_1	1.9e-02	RPS	Otu00168	X	D21	RPS_vs_Control
34.48145573282597	1.792891988684134	0.9002181187416872	0.0010602304170672918	0.011161430879717611	Bacteria	Firmicutes	Erysipelotrichia	Erysipelotrichales	Erysipelotrichaceae	Catenibacterium	1.1e-02	RPS	Otu00178	X	D21	RPS_vs_Control
36.687299400027584	7.452884595815724	1.7429697202092411	9.333050280656043e-7	5.051513464405083e-5	Archaea	Euryarchaeota	Methanobacteria	Methanobacteriales	Methanobacteriaceae	Methanobacteriaceae_unclassified	0.0e+00	RPS	Otu00276	X	D21	RPS_vs_Control
6.3388583604737	3.8607113831574225	0.9944429424595183	4.670896967041461e-6	2.0224983867289523e-4	Bacteria	Firmicutes	Clostridia	Clostridiales	Family_XIII	Family_XIII_unclassified	0.0e+00	RPS	Otu00300	X	D21	RPS_vs_Control
7.804502701412275	3.1054238307854667	1.7154177963935102	0.0013355270997381457	0.013448447306665513	Bacteria	Firmicutes	Clostridia	Clostridiales	Lachnospiraceae	Lachnospiraceae_unclassified	1.3e-02	RPS	Otu00301	X	D21	RPS_vs_Control
12.068029670700625	2.1319750015038914	1.3557078311009567	0.0019945494624998912	0.017601375929381366	Bacteria	Firmicutes	Erysipelotrichia	Erysipelotrichales	Erysipelotrichaceae	Erysipelotrichaceae_unclassified	1.8e-02	RPS	Otu00325	X	D21	RPS_vs_Control
6.53169102750408	-1.9173570203106696	0.7938676848598967	5.634526328500265e-4	0.007860782440958428	Bacteria	Firmicutes	Clostridia	Clostridiales	Ruminococcaceae	Ruminococcaceae_unclassified	8.0e-03	down_RPS	Otu00441	X	D21	RPS_vs_Control
7.233279753012258	5.330577497771048	1.7895769113069249	7.633671398724268e-5	0.0019443410092044753	Bacteria	Firmicutes	Clostridia	Clostridiales	Eubacteriaceae	Pseudoramibacter	2.0e-03	RPS	Otu00460	X	D21	RPS_vs_Control
11.676811252646656	3.1743574246160184	1.4881117718782664	7.065891706423367e-4	0.008741517453946622	Bacteria	Firmicutes	Erysipelotrichia	Erysipelotrichales	Erysipelotrichaceae	Faecalitalea	9.0e-03	RPS	Otu00519	X	D21	RPS_vs_Control
48.429818208637926	2.124565055181977	0.6531437498851416	3.5582254545465915e-5	0.0026064001454553782	Bacteria	Firmicutes	Clostridia	Clostridiales	Ruminococcaceae	Ruminococcaceae_UCG-014	3.0e-03	Acid	Otu00061	X	D21	Acid_vs_Control
53.74218096496131	3.2172423615283052	1.044397300773878	5.649488864611455e-5	0.0027588337288852608	Bacteria	Bacteria_unclassified	Bacteria_unclassified	Bacteria_unclassified	Bacteria_unclassified	Bacteria_unclassified	3.0e-03	Acid	Otu00085	X	D21	Acid_vs_Control
28.975062146019425	-2.862160466973631	0.7965614705464905	1.0545539433091377e-5	0.0012705447522856545	Bacteria	Firmicutes	Clostridia	Clostridiales	Ruminococcaceae	Ruminococcus_1	1.0e-03	down_Acid	Otu00127	X	D21	Acid_vs_Control
19.96627913749061	2.9703498699713333	0.9446423990229111	4.987236367183186e-5	0.0027588337288852608	Bacteria	Cyanobacteria	Melainabacteria	Melainabacteria_unclassified	Melainabacteria_unclassified	Melainabacteria_unclassified	3.0e-03	Acid	Otu00185	X	D21	Acid_vs_Control
18.981299397700806	1.4595683466447267	0.7962337591467178	0.0013490684652767515	0.03952770603260882	Bacteria	Firmicutes	Clostridia	Clostridiales	Lachnospiraceae	Lachnospiraceae_unclassified	4.0e-02	Acid	Otu00222	X	D21	Acid_vs_Control
3505.758162153242	0.739558288441161	0.47827289247018406	0.002238639551401136	0.029824455958989325	Bacteria	Bacteroidetes	Bacteroidia	Bacteroidales	Prevotellaceae	Prevotella_9	3.0e-02	RCS	Otu00001	X	D21	RCS_vs_Control
259.9073541723158	0.7046966638257128	1.0666959991555216	0.004289316457284554	0.04428719242146301	Bacteria	Bacteroidetes	Bacteroidia	Bacteroidales	Prevotellaceae	Prevotellaceae_unclassified	4.4e-02	RCS	Otu00011	X	D21	RCS_vs_Control
6.375259789776651	3.726899780830321	0.7710559304720765	5.76285334802391e-8	7.933528109112915e-6	Bacteria	Proteobacteria	Gammaproteobacteria	Enterobacteriales	Enterobacteriaceae	Escherichia-Shigella	0.0e+00	RCS	Otu00016	X	D21	RCS_vs_Control
91.37352476915707	0.793355496367107	0.47524718609692657	0.001893237536208753	0.028167510646047278	Bacteria	Bacteroidetes	Bacteroidia	Bacteroidales	Prevotellaceae	Prevotellaceae_unclassified	2.8e-02	RCS	Otu00041	X	D21	RCS_vs_Control
19.891905556228718	-1.4174967922528647	0.5451536954569584	2.7572100378793463e-4	0.0113872774564417	Bacteria	Bacteria_unclassified	Bacteria_unclassified	Bacteria_unclassified	Bacteria_unclassified	Bacteria_unclassified	1.1e-02	down_RCS	Otu00096	X	D21	RCS_vs_Control
47.046569253855	2.052003216774504	0.8310567601031954	3.4099772130879655e-4	0.011736004908377748	Bacteria	Firmicutes	Clostridia	Clostridiales	Ruminococcaceae	Ruminococcaceae_UCG-014	1.2e-02	RCS	Otu00143	X	D21	RCS_vs_Control
98.1884304601543	5.005940442166523	0.9884623874046851	1.3521850850364737e-8	2.792262200600318e-6	Bacteria	Firmicutes	Clostridia	Clostridiales	Ruminococcaceae	Ruminococcaceae_unclassified	0.0e+00	RCS	Otu00154	X	D21	RCS_vs_Control
48.18598055348538	1.9531932619366539	0.8551807393229436	5.334106551587657e-4	0.015735614327183588	Bacteria	Bacteroidetes	Bacteroidia	Bacteroidales	Prevotellaceae	Prevotellaceae_unclassified	1.6e-02	RCS	Otu00218	X	D21	RCS_vs_Control
18.981299397700806	1.5825559036480308	0.7614833649367857	8.657507780678402e-4	0.018817240120901673	Bacteria	Firmicutes	Clostridia	Clostridiales	Lachnospiraceae	Lachnospiraceae_unclassified	1.9e-02	RCS	Otu00222	X	D21	RCS_vs_Control
50.40945021041163	2.8315291445365935	0.8194382931455687	1.7196244446742283e-5	9.03683308535961e-4	Bacteria	Bacteria_unclassified	Bacteria_unclassified	Bacteria_unclassified	Bacteria_unclassified	Bacteria_unclassified	1.0e-03	RCS	Otu00239	X	D21	RCS_vs_Control
28.16721518966037	3.283906407180835	0.898225318693426	8.144189494296789e-6	8.408875652861434e-4	Bacteria	Firmicutes	Clostridia	Clostridiales	Ruminococcaceae	Ruminococcaceae_UCG-014	1.0e-03	RCS	Otu00240	X	D21	RCS_vs_Control
1.5744446696479155	4.857568724632839	1.8162111365415876	1.2379767822657417e-4	0.00568093790084168	Bacteria	Firmicutes	Erysipelotrichia	Erysipelotrichales	Erysipelotrichaceae	Turicibacter	6.0e-03	RCS	Otu00278	X	D21	RCS_vs_Control
14.945145732980718	1.1510491368614788	1.0380100888741977	0.0032813602387428502	0.03872005081716563	Bacteria	Proteobacteria	Betaproteobacteria	Betaproteobacteria_unclassified	Betaproteobacteria_unclassified	Betaproteobacteria_unclassified	3.9e-02	RCS	Otu00308	X	D21	RCS_vs_Control
6.4865045745486505	9.227350113051237	3.236384293699128	1.7504761424425393e-5	9.03683308535961e-4	Bacteria	Firmicutes	Clostridia	Clostridiales	Lachnospiraceae	Lachnospiraceae_unclassified	1.0e-03	RCS	Otu00310	X	D21	RCS_vs_Control
20.601164810899565	1.9973206059958222	1.9544186202082572	0.0027363583516230067	0.0347573550525273	Bacteria	Bacteria_unclassified	Bacteria_unclassified	Bacteria_unclassified	Bacteria_unclassified	Bacteria_unclassified	3.5e-02	RCS	Otu00370	X	D21	RCS_vs_Control
5.4488443334052725	5.854973353397262	1.7746968956931568	1.1180710370204015e-5	9.03683308535961e-4	Bacteria	Firmicutes	Clostridia	Clostridiales	Lachnospiraceae	Lachnospiraceae_unclassified	1.0e-03	RCS	Otu00417	X	D21	RCS_vs_Control
6.53169102750408	1.3766857882824803	0.6300267431997081	6.895011132085095e-4	0.016750821162065554	Bacteria	Firmicutes	Clostridia	Clostridiales	Ruminococcaceae	Ruminococcaceae_unclassified	1.7e-02	RCS	Otu00441	X	D21	RCS_vs_Control
3.6254969094939304	2.383459628095365	1.5492128363470457	0.0020396778736876155	0.028211339352323606	Bacteria	Firmicutes	Clostridia	Clostridiales	Lachnospiraceae	Lachnospiraceae_unclassified	2.8e-02	RCS	Otu00464	X	D21	RCS_vs_Control
3.985865551348201	4.705214805779124	1.4130411047617197	1.358341661754031e-5	9.03683308535961e-4	Bacteria	Tenericutes	Mollicutes	Mollicutes_RF9	Mollicutes_RF9_fa	Mollicutes_RF9_ge	1.0e-03	RCS	Otu00466	X	D21	RCS_vs_Control
3.2160375317037775	3.9878088209315155	1.8199903478349566	6.408510635227791e-4	0.016541968077181734	Bacteria	Bacteroidetes	Bacteroidia	Bacteroidales	Prevotellaceae	Prevotellaceae_unclassified	1.7e-02	RCS	Otu00658	X	D21	RCS_vs_Control
882.7857879799697	1.214078043307126	0.45143382073051547	0.0012776319009516267	0.032707376664361645	Bacteria	Bacteroidetes	Bacteroidia	Bacteroidales	Prevotellaceae	Prevotella_9	3.3e-02	RPS	Otu00004	I	D21	RPS_vs_Control
212.34923940823953	-3.012986796827623	1.0517209398771608	1.7092401457926478e-4	0.006250935390327397	Bacteria	Bacteroidetes	Bacteroidia	Bacteroidales	Prevotellaceae	Prevotellaceae_unclassified	6.0e-03	down_RPS	Otu00021	I	D21	RPS_vs_Control
22.280945137244295	2.212506398924389	0.9164601108942555	9.528587768260498e-4	0.02710353854082986	Bacteria	Proteobacteria	Gammaproteobacteria	Gammaproteobacteria_unclassified	Gammaproteobacteria_unclassified	Gammaproteobacteria_unclassified	2.7e-02	RPS	Otu00045	I	D21	RPS_vs_Control
23.022770850610478	-0.9095145935777937	1.0000480301488426	2.920597650796278e-5	0.0014953459972076944	Bacteria	Bacteroidetes	Bacteroidia	Bacteroidales	Prevotellaceae	Alloprevotella	1.0e-03	down_RPS	Otu00047	I	D21	RPS_vs_Control
35.06545740753828	6.904186402832097	1.9572550088887732	4.19812775016393e-7	8.13353930325631e-5	Bacteria	Bacteroidetes	Bacteroidia	Bacteroidales	Prevotellaceae	Prevotella_7	0.0e+00	RPS	Otu00057	I	D21	RPS_vs_Control
30.531934281203654	-2.925510664936954	1.2451557822348238	7.37211485536906e-4	0.023590767537180993	Bacteria	Firmicutes	Clostridia	Clostridiales	Peptostreptococcaceae	Terrisporobacter	2.4e-02	down_RPS	Otu00067	I	D21	RPS_vs_Control
14.135938549023997	9.132867960094758	3.519424411359784	7.284851940165487e-5	0.0031082034944706076	Bacteria	Bacteroidetes	Bacteroidia	Bacteroidales	Prevotellaceae	Prevotellaceae_unclassified	3.0e-03	RPS	Otu00083	I	D21	RPS_vs_Control
21.67206723103651	-1.788931140495115	0.7588164090310828	0.0015613741011753957	0.03560254618893379	Bacteria	Firmicutes	Clostridia	Clostridiales	Lachnospiraceae	Lachnospiraceae_unclassified	3.6e-02	down_RPS	Otu00100	I	D21	RPS_vs_Control
20.94333776469418	6.005747111140242	1.4155689088992844	9.531491371003489e-7	8.13353930325631e-5	Bacteria	Bacteroidetes	Bacteroidia	Bacteroidales	Prevotellaceae	Prevotella_7	0.0e+00	RPS	Otu00103	I	D21	RPS_vs_Control
22.1476982939378	-3.6822511575163563	0.9667673115493526	8.763564651669489e-6	5.608681377068473e-4	Bacteria	Bacteroidetes	Bacteroidia	Bacteroidales	Prevotellaceae	Prevotellaceae_unclassified	1.0e-03	down_RPS	Otu00122	I	D21	RPS_vs_Control
33.26178160443746	6.728353041437131	1.565392464234603	7.724386215446967e-7	8.13353930325631e-5	Bacteria	Bacteroidetes	Bacteroidia	Bacteroidales	Prevotellaceae	Prevotellaceae_unclassified	0.0e+00	RPS	Otu00124	I	D21	RPS_vs_Control
6.396884420607779	-2.7099949739776465	1.349570373865915	0.0022094721640158314	0.04350960569138868	Bacteria	Bacteroidetes	Bacteroidia	Bacteroidales	Prevotellaceae	Alloprevotella	4.4e-02	down_RPS	Otu00181	I	D21	RPS_vs_Control
354.08467029783844	1.3521484716724226	0.6738439653884235	0.0020214857066834864	0.045651885542602064	Bacteria	Firmicutes	Negativicutes	Selenomonadales	Veillonellaceae	Megasphaera	4.6e-02	Acid	Otu00002	I	D21	Acid_vs_Control
94.9584109394449	2.1537758212411853	0.8456620939510192	3.474750186975589e-4	0.013300700281168984	Bacteria	Firmicutes	Negativicutes	Selenomonadales	Veillonellaceae	Mitsuokella	1.3e-02	Acid	Otu00005	I	D21	Acid_vs_Control
45.25512422078201	2.057883619681958	0.8651950993123937	5.420092008870823e-4	0.01632049927115548	Bacteria	Firmicutes	Negativicutes	Selenomonadales	Acidaminococcaceae	Phascolarctobacterium	1.6e-02	Acid	Otu00014	I	D21	Acid_vs_Control
24.29377902730618	7.5848862218908915	1.5548632424889288	2.3806505046014637e-4	0.01075260477911661	Bacteria	Bacteroidetes	Bacteroidia	Bacteroidales	Prevotellaceae	Prevotellaceae_unclassified	1.1e-02	Acid	Otu00046	I	D21	Acid_vs_Control
35.06545740753828	7.419670488734121	1.883115038042367	1.4472239768138523e-4	0.00784395395433108	Bacteria	Bacteroidetes	Bacteroidia	Bacteroidales	Prevotellaceae	Prevotella_7	8.0e-03	Acid	Otu00057	I	D21	Acid_vs_Control
20.94333776469418	4.475374937607821	1.458718968736673	5.317879462948109e-5	0.0048038177815297916	Bacteria	Bacteroidetes	Bacteroidia	Bacteroidales	Prevotellaceae	Prevotella_7	5.0e-03	Acid	Otu00103	I	D21	Acid_vs_Control
33.26178160443746	6.554715353693268	1.5254377554213663	5.242013996909244e-7	1.4205857931624051e-4	Bacteria	Bacteroidetes	Bacteroidia	Bacteroidales	Prevotellaceae	Prevotellaceae_unclassified	0.0e+00	Acid	Otu00124	I	D21	Acid_vs_Control
78.13187659414176	2.83587467823656	3.0332911105036735	1.455594542959598e-6	1.9723306057102554e-4	Bacteria	Proteobacteria	Gammaproteobacteria	Pasteurellales	Pasteurellaceae	Actinobacillus	0.0e+00	Acid	Otu00199	I	D21	Acid_vs_Control
17.753171344322784	3.8009579191441447	2.318302349952474	9.858349368323123e-4	0.026716126788155665	Bacteria	Bacteroidetes	Bacteroidia	Bacteroidales	Prevotellaceae	Prevotellaceae_unclassified	2.7e-02	Acid	Otu00206	I	D21	Acid_vs_Control
3.305781025317278	3.6543565143305954	2.157871402322892	0.0018531830751164044	0.045651885542602064	Bacteria	Firmicutes	Clostridia	Clostridiales	Lachnospiraceae	uncultured	4.6e-02	Acid	Otu00525	I	D21	Acid_vs_Control
